Structure Name,CIF ( XRD ref if no CIF),local structure,type,Q^n,1st coord neighbors,1st coord number,2nd coord neighbors,2nd coord number,Chemical Formula,Static/MAS,site_index,diso (ppm),etaQ,CQ (MHz),VASP diso (ppm) (Absolute),VASP etaQ,VASP CQ (MHz),CASTEP diso (absolute),CASEP diso (refed),CASTEP etaQ,CASTEP CQ (MHz),liq ref,NMR Sequence,Field,Reference(s),year of publish,First Authors,Bravais Lattice type,Space Group,Notes,,,,,
,,,,,,,,,,,,,,,,,,,,,,,,,,,,,,,,,,,
Berlinite,http://www.crystallography.net/cod/cod/cif/9/00/64/9006404.cif,AlO4-(PO4)4,isolated ,0,O,4,PO4,4,AlPO4,MAS,0,44.5,0.367,4.088,245.3026,0.3313,4.0467,509.59,46.40867648,0.44,3.941,,,6.4T,0009-2614(84)85596-7,1984,D. Müller,Trigonal,P3_221,References connected to structure are crystal structure refs,[5],"O,O,O,O,O","Al,Al,Al,Al,Al,Al,Si,Si,Si,Si",Al2(PO4)(OH)3,MAS
,,,,,,,,,,,,,,,,,,,,,,,,,,,,,,,,,,,
,,,,,,,,,,,,,,,,,,,,,,,,,,,,,,,,,,,
,,,,,,,,,,,,,,,,,,,,,,,,,,,,,,,,,,,
,,,,,,,,,,,,,,,,,,,,,,,,,,,,,,,,,,,
Al2Ge2O7,https://materialsproject.org/materials/mp-9751/#,Al2O3-(GeO2),edge-sharing chain ,4,O,5,(AlO5)2(GeO4)5,7,Al2Ge2O7,MAS,0,36,0.4,8.8,245.7104,0.423,-8.311,521.63,33.58461325,0.45,-8.672,,,11.7T,10.1002/mrc.1260281314,1990,D. Massiot,Monoclinic,C2/c,,,"Cl,Cl,Cl,Cl,Cl,Cl","Na,Na,Na,Na,Na,Na,Na,Na,Na,Na",Al2SiO5,
,,,,,,,,,,,,,,,,,,,,,,,,,,,,,,,,,,,
LaAlGe2O7,https://materialsproject.org/materials/mp-1211910/#,AlO5-(GeO4)5-(LaO7)3,isolated,0,O,5,(GeO4)5-(LaO7)2,7,LaAlGe2O7,MAS,4,35,0.3,7.2,245.951,0.1626,-6.3374,516.15,39.42147924,0.15,-7.085,,,11.7T,10.1002/mrc.1260281314,1990,D. Massiot,Monoclinic,P2_1/c,,,,"Al,Al,Al,Al,Al,Al,Al,Al,Be,Be,Be,Be",AlPO4,
Aluminum chloride,https://materialsproject.org/materials/mp-25469/,(AlO6)-(AlO6)3,edge-sharing 2D network,6,Cl,6,(AlO6)3,3,AlCl3,MAS,0,,0.1,0.425,234.7815,0.1489,0.1746,538.54,15.57340818,0.16,0.267,,,,10.1006/jmra.1995.1007,1995,S.W. Ding,Monoclinic,C2/m,,,,"S,S,S,S,S,S",Be3Al2(SiO3)6,
,,,,,,,,,,,,,,,,,,,,,,,,,,,,,,,,,,,
α-Al2O3,https://materialsproject.org/materials/mp-1143/#,(AlO6)-(AlO6)4,face and edge-sharing 3D network,6,O,6,(AlO6)3,4,Al2O3,MAS,0,,0,2.38,229.7111,0.0003,2.0715,539.94,14.08223803,0,2.217,,45acq,9.4T,10.1016/0022-2364(89)90333-8,1989,H. J. Jakobsen,Trigonal,R3(bar)c,,,,,Ca2Al2(Fe3+;Al)(SiO4)(Si2O7)O(OH),
Andalusite,https://materialsproject.org/materials/mp-4753/#,,,,"O,O,O,O,O",[5],,,Al2SiO5,MAS,4,36,0.7,5.9,244.9404,0.6705,4.5394,523.46,31.63544085,0.64,4.822,,45acq,14T,10.1016/0022-2364(91)90015-L,1991,S.F. Dec,Orthorhombic,Pnnm,,,,,Ca2Al3(SiO4)(Si2O7)O(OH),
Andalusite,https://materialsproject.org/materials/mp-4753/#,,,,"O,O,O,O,O,O",[6],,,Al2SiO5,MAS,0,12,0.12,15.5,223.3319,0.1704,14.9328,547.04,6.519875168,0.17,15.58,,45acq,14T,10.1016/0022-2364(91)90015-L,1991,S.F. Dec,Orthorhombic,Pnnm,,,,,Ca3Al2(SiO4)3,
Ca3Al2O6,https://materialsproject.org/materials/mp-12147/,,,,O,4,,,Ca3Al2O6,,96,79.5,0.32,8.69,281.89,0.44,-7.524,482.02,75.77407707,0.48,-7.617,,,,10.1016/0022-2364(91)90367-3,1991,J. Skibsted,Cubic,Pa3(bar),,,,,CaAl2(Al2Si2)O10(OH)2,
Ca3Al2O6,https://materialsproject.org/materials/mp-12147/,,,,O,4,,,Ca3Al2O6,,72,78.25,0.54,9.3,281.078,0.681,-8.055,482.4,75.36933089,0.8,-8.284,,,,10.1016/0022-2364(91)90367-3,1991,J. Skibsted,Cubic,Pa3(bar),,,,,Gd3Al5O12,
Jakobssonite,https://materialsproject.org/materials/mp-16795/,,,,"F,F,F,F,F,F",[6],,,CaAlF5,MAS,4,,0.1,10.2,205.6891,0.1074,8.9989,558,-5.153856805,0.1,9.343,,,,10.1016/j.jssc.2005.09.021,2005,M. Body,Monoclinic,P21/c,,,,,"KAl2(AlSi3O10)(F,OH)2",
,,,,,,,,,,,,,,,,,,,,,,,,,,,,,,,,,,,
,,,,,,,,,,,,,,,,,,,,,,,,,,,,,,,,,,,
CaO (Al2O3)2,https://materialsproject.org/materials/mp-4867/,,,,O,4,,,CaO (Al2O3)2,MAS,6,75.5,0.88,6.25,281.4426,0.7316,6.0693,479.39,78.5753467,0.74,6.533,,,,10.1021/ic00058a043,1993,J. Skibsted,Monoclinic,C2/c,,,,,Mg2Al4Si5O18,
CaO (Al2O3)2,https://materialsproject.org/materials/mp-4867/,,,,O,4,,,CaO (Al2O3)2,MAS,4,69.5,0.82,9.55,277.4515,0.7863,-8.5207,483.8,73.87816075,0.82,-8.949,,,,10.1021/ic00058a043,1993,J. Skibsted,Monoclinic,C2/c,,,,,MgAl2O4,
CaO Al2O3,https://materialsproject.org/materials/mp-2963/,,,,O,4,,,CaO Al2O3,MAS,23,81.9,0.2,2.5,286.1266,0.5241,-1.5897,478.06,79.99195833,0.52,-1.695,,,,10.1021/ic00058a043,1993,J. Skibsted,Monoclinic,P2_1/c,No clearly resolved ,,,,Na2Al2Si3O10·2H2O,
CaO Al2O3,https://materialsproject.org/materials/mp-2963/,,,,O,4,,,CaO Al2O3,MAS,12,83.8,0.75,2.6,287.2786,0.767,2.2729,476.87,81.25945295,0.76,2.4,,,,10.1021/ic00058a043,1993,J. Skibsted,Monoclinic,P2_1/c,No clearly resolved ,,,,Na3•AlF6,
CaO Al2O3,https://materialsproject.org/materials/mp-2963/,,,,O,4,,,CaO Al2O3,MAS,32,86.2,0.95,2.6,287.5237,0.786,-2.2508,476.66,81.48312847,0.76,-2.411,,,,10.1021/ic00058a043,1993,J. Skibsted,Monoclinic,P2_1/c,No clearly resolved ,,,,Na5Al3F14,
CaO Al2O3,https://materialsproject.org/materials/mp-2963/,,,,O,4,,,CaO Al2O3,MAS,16,82.7,0.53,3.32,284.9211,0.508,-3.0677,479.43,78.53274184,0.5,-3.278,,,,10.1021/ic00058a043,1993,J. Skibsted,Monoclinic,P2_1/c,No clearly resolved ,,,,NaAlSi3O8,
CaO Al2O3,https://materialsproject.org/materials/mp-2963/,,,,O,4,,,CaO Al2O3,MAS,20,81.6,0.39,3.37,286.3734,0.3815,-3.3903,477.82,80.2475875,0.36,-3.665,,,,10.1021/ic00058a043,1993,J. Skibsted,Monoclinic,P2_1/c,No clearly resolved ,,,,Y3Al5O12,
CaO Al2O3,https://materialsproject.org/materials/mp-2963/,,,,O,4,,,CaO Al2O3,MAS,24,81.2,0.47,4.3,287.7582,0.4004,3.7988,476.35,81.81331615,0.39,3.927,,,,10.1021/ic00058a043,1993,J. Skibsted,Monoclinic,P2_1/c,No clearly resolved ,,,,ZnAl2O4,
(CaO)12 (Al2O3)7,https://materialsproject.org/materials/mp-530149/,,,,O,4,,,(CaO)12 (Al2O3)7,MAS,12,85.9,0.4,9.7,280.8078,0.6343,-8.0648,478.76,79.24637326,0.65,-8.723,,,,10.1021/ic00058a043,1993,J. Skibsted,Tetragonal,I4(bar),,,,,Mg3Al2(SiO4)3,
(CaO)12 (Al2O3)7,https://materialsproject.org/materials/mp-530149/,,,,O,4,,,(CaO)12 (Al2O3)7,MAS,20,80.2,0.7,3.8,280.7313,0.3656,-4.1825,478.57,79.44874635,0.35,-5.092,,,,10.1021/ic00058a043,1993,J. Skibsted,Tetragonal,I4(bar),,,,,Ca12Al14O33,
,,,,,,,,,,,,,,,,,,,,,,,,,,,,,,,,,,,
,,,,,,,,,,,,,,,,,,,,,,,,,,,,,,,,,,,
,,,,,,,,,,,,,,,,,,,,,,,,,,,,,,,,,,,
,,,,,,,,,,,,,,,,,,,,,,,,,,,,,,,,,,,
Sillimanite,https://materialsproject.org/materials/mp-4934/,,,,"O,O,O,O",[4],,,Al2SiO5,Static,4,64.5,0.532,6.77,270.1734,0.5283,-6.0927,490.57,66.66728799,0.58,-6.346,,,,10.1063/1.1673897,1970,M. Raymond,Orthorhombic,Pbnm,,,,,KAl2SiAl3O10(OH)2,
Sillimanite,https://materialsproject.org/materials/mp-4934/,,,,"O,O,O,O,O,O",[6],,,Al2SiO5,Static,0,4,0.462,8.93,218.1899,0.6169,-8.718,547.17,6.381409369,0.48,-8.559,,,,10.1063/1.1673897,1970,M. Raymond,Orthorhombic,Pbnm,,,,,NaAlSi2O6·H2O,
Sodalite,https://materialsproject.org/materials/mp-23145/,,,,"O,O,O,O",[4],,,Na8Al6Si6O24Cl2,,8,62.9,0.32,0.94,268.4438,0,-0.9702,494.53,62.44940673,0,-0.9191,,,,10.1107/S0108768184001683,1984,I. Hassan,Cubic,P4(bar)3n,,,,,Na8Al6Si6O24Cl2,
Nepheline,https://materialsproject.org/materials/mp-559901/,,,,"O,O,O,O",[4],,,Na3KAl4Si4O16,,8,61,,,268.6827,0.777,-1.449,495.3,61.62926315,0.86,-1.509,,,,Kristallographie 106 308,1955,T Hahn,Hexagonal,P6_3,,,,,Na3KAl4Si4O16,
Nepheline,https://materialsproject.org/materials/mp-559901/,,,,"O,O,O,O",[4],,,Na3KAl4Si4O16,,14,63.5,,,263.5894,0,0.8082,501.36,55.17462667,0,0.7621,,,,Kristallographie 106 308,1955,T Hahn,Hexagonal,P6_3,,,,,KAlSiO4,
Margarite,https://materialsproject.org/materials/mp-24469/,,,,"O,O,O,O",4,,,CaAl2(Al2Si2)O10(OH)2,MAS,2,76,,4.2,282.9969,0.422,-5.565,478.08,79.9706559,0.46,-6.072,,,,10.1021/ja00268a002,1986,E. Lippmaa,Monoclinic,Cc,,,,,Ca2Al2Si3O10(OH)2,
Margarite,https://materialsproject.org/materials/mp-24469/,,,,"O,O,O,O,O,O",6,,,CaAl2(Al2Si2)O10(OH)2,MAS,6,11,,6.3,220.9751,0.138,6.559,542.93,10.89752466,0.14,6.595,,,,10.1021/ja00268a002,1986,E. Lippmaa,Monoclinic,Cc,,,,,LiAlO2,
Muscovite,https://materialsproject.org/materials/mp-1200795/#,,,,"O,O,O,O",4,,,"KAl2(AlSi3O10)(F,OH)2",MAS,4,72,,2.1,279.6156,0.6602,2.8613,485.01,72.5893637,0.59,3.022,,,,10.1021/ja00268a002,1986,E. Lippmaa,Monoclinic,C2/c,,,,,NaAlO2,
Muscovite,https://materialsproject.org/materials/mp-1200795/#,,,,"O,O,O,O,O,O",6,,,"KAl2(AlSi3O10)(F,OH)2",MAS,8,5,,2.2,221.6368,0.9176,3.014,546.39,7.212204162,0.86,3.122,,,,10.1021/ja00268a002,1986,E. Lippmaa,Monoclinic,C2/c,,,,,BaAl2O4,
,,,,,,,,,,,,,,,,,,,,,,,,,,,,,,,,,,,
,,,,,,,,,,,,,,,,,,,,,,,,,,,,,,,,,,,
,,,,,,,,,,,,,,,,,,,,,,,,,,,,,,,,,,,
,,,,,,,,,,,,,,,,,,,,,,,,,,,,,,,,,,,
Kalsilite,https://materialsproject.org/materials/mp-680374/,,,,"O,O,O,O",[4],,,KAlSiO4,,25,61.7,,1.93,268.9295,0.7573,1.6221,495.74,61.16060968,0.73,1.681,,,,"American Mineralogist, Volume 77, pages 19-29, 1992",1992,G. Hovis,Hexagonal,P6_3,,,,,CaAl12O19,
Kyanite,https://materialsproject.org/materials/mp-5065/,,,,"O,O,O,O,O,O",[6],,,Al2SiO5,Static,0,,0.89,3.7,217.4971,0.9687,3.7864,548.35,5.124565963,0.93,4.031,,,,"Am. Mineral. 1967, 52, 1632",1967,S.S. Hafner,Triclinic,P1(bar),,,,,Al2Si2O7,
Kyanite,https://materialsproject.org/materials/mp-5065/,,,,"O,O,O,O,O,O",[6],,,Al2SiO5,Static,6,,0.27,10.04,224.8889,0.3047,9.9785,540.84,13.12362866,0.33,10.3,,,,"Am. Mineral. 1967, 52, 1632",1967,S.S. Hafner,Triclinic,P1(bar),,,,,Al2Ge2O7,
Kyanite,https://materialsproject.org/materials/mp-5065/,,,,"O,O,O,O,O,O",[6],,,Al2SiO5,Static,2,,0.38,9.37,224.1088,0.3187,-9.8609,541.65,12.26088022,0.33,-9.695,,,,"Am. Mineral. 1967, 52, 1632",1967,S.S. Hafner,Triclinic,P1(bar),,,,,LaAlGe2O7,
Kyanite,https://materialsproject.org/materials/mp-5065/,,,,"O,O,O,O,O,O",[6],,,Al2SiO5,Static,4,,0.59,6.53,220.5236,0.4635,-7.0219,545.57,8.085603817,0.44,-6.775,,,,"Am. Mineral. 1967, 52, 1632",1967,S.S. Hafner,Triclinic,P1(bar),,,,,Ca19Al11Mg2Si18O68(OH)10,
α-aluminum fluoride,https://materialsproject.org/materials/mp-468/,,,,,,,,AlF3,MAS,0,,0,0.23,195.3551,0,-0.1495,566.78,-14.50562384,0,-0.1532,,,,10.1021/ja0032374,2001,P.J. Chupas,Trigonal,R3(bar)c,Significantly Different From Previous Rublication,,,,BeAl2O4,
β-aluminum fluoride,https://materialsproject.org/materials/mp-559871/,,,,,,,,AlF3,MAS,0,,0.8,0.8,195.9232,0.1859,-1.307,565.32,-12.95054641,0.19,-1.335,,,,10.1021/ja0032374,2001,P.J. Chupas,Orthorhombic,Cmcm,Significantly Different From Previous Rublication,,,,Al2TiO5,
Bayerite,https://materialsproject.org/materials/mp-560572/,,,,"O,O,O,O,O,O",[6],,,Al(OH)3,MAS,0,9.1,0.25,1.9,229.4078,0.3408,-3.5098,539.67,14.36982085,0.32,-3.795,,,,10.1021/ja011532y,2002,K.  Damodaran,Monoclinic,P21/c,,,,,Al4Si4O10(OH)8,
Bayerite,https://materialsproject.org/materials/mp-560572/,,,,"O,O,O,O,O,O",[6],,,Al(OH)3,MAS,4,13.1,0.8,1.4,229.2667,0.8643,1.7517,539.67,14.36982085,0.83,1.728,,,,10.1021/ja011532y,2002,K.  Damodaran,Monoclinic,P21/c,,,,,Ca6Al2O9·SO3·32H2O,
Gibbsite,https://materialsproject.org/materials/mp-27540/,,,,"O,O,O,O,O,O",[6],,,Al(OH)3,MAS,4,12.5,0.45,4.6,228.3377,0.3636,-5.4642,540.15,13.85856251,0.36,-5.682,Al(NO3)3,3QMAS,,10.1021/jp073968r,2007,X. Xue,Monoclinic,P21/c,,,,,K2NaAlF6,
Gibbsite,https://materialsproject.org/materials/mp-27540/,,,,"O,O,O,O,O,O",[6],,,Al(OH)3,MAS,0,10.5,0.75,2.1,226.071,0.8545,2.1973,542.51,11.3448757,0.63,2.341,Al(NO3)3,3QMAS,,10.1021/jp073968r,2007,X. Xue,Monoclinic,P21/c,,,,,Na3AlF6,
β-NaAlO2,https://materialsproject.org/materials/mp-9212/,,,,"O,O,O,O",[4],,,NaAlO2,,4,80.1,0.5,1.4,285.278,0.6104,0.795,477.57,80.51386788,0.65,0.8317,,,,10.1039/DT9860001277,1986,D. Müller,Orthorhombic,Pna2_1,,,,,Al(C₅H₇O₂)₃,
AlTlO2,https://materialsproject.org/materials/mp-14105/,,,,"O,O,O,O",[4],,,TlAlO2,,0,69,,,270.5228,0.0072,-0.0062,493.89,63.13108451,N/A,0,,,,10.1039/DT9860001277,1986,D. Müller,Cubic,Fd3(bar)m,,,,,Al2SiO4F2,
,,,,,,,,,,,,,,,,,,,,,,,,,,,,,,,,,,,
,,,,,,,,,,,,,,,,,,,,,,,,,,,,,,,,,,,
,,,,,,,,,,,,,,,,,,,,,,,,,,,,,,,,,,,
,,,,,,,,,,,,,,,,,,,,,,,,,,,,,,,,,,,
KAlO2,https://materialsproject.org/materials/mp-5525/,,,,"O,O,O,O",[4],,,KAlO2,,18,76,0.7,1.1,280.3671,0.8536,-1.1986,483.43,74.27225571,0.87,-1.253,,,,10.1039/DT9860001277,1986,D. Müller,Orthorhombic,Pbca,,,,,,
BaAl2O4,https://materialsproject.org/materials/mp-4202/,,,,"O,O,O,O",[4],,,BaAl2O4,,14,78,0.4,2.4,283.2108,0.6679,2.3619,481,76.86050103,0.67,2.471,,,,10.1039/DT9860001277,1986,D. Müller,Hexagonal,P6_3,,,,,,
δ-Al(OH)3,https://materialsproject.org/materials/mp-985293/#,,,,O,6,,,Al(OH)3,MAS,0,9.1,0.72,2.76,226.1736,0.448,3.3628,539.72,14.31656477,0.4,3.203,,,,10.1021/jp073968r,2007,X. Xue,Orthorhombic,P2_12_12_1,,,,,,
δ-AlOOH,ICSD_240375,,,,O,6,,,AlOOH,MAS,0,15,0.9,3.5,,,,537.36,16.83025158,0.96,3.248,,,,10.1021/jp073968r,2007,X. Xue,,,,,,,,
,,,,,,,,,,,,,,,,,,,,,,,,,,,,,,,,,,,
,,,,,,,,,,,,,,,,,,,,,,,,,,,,,,,,,,,
,,,,,,,,,,,,,,,,,,,,,,,,,,,,,,,,,,,
,,,,,,,,,,,,,,,,,,,,,,,,,,,,,,,,,,,
,,,,,,,,,,,,,,,,,,,,,,,,,,,,,,,,,,,
,,,,,,,,,,,,,,,,,,,,,,,,,,,,,,,,,,,
,,,,,,,,,,,,,,,,,,,,,,,,,,,,,,,,,,,
,,,,,,,,,,,,,,,,,,,,,,,,,,,,,,,,,,,
,,,,,,,,,,,,,,,,,,,,,,,,,,,,,,,,,,,
Pyrophyllite dehydroxylate,ICSD-30119,,,,O,5,,,Al2Si4O11,,0,29,0.6,10.5,241.9105,0.635,-11.396,518.61,36.80128028,0.59,-11.88,,,,0003-o04x/89/l l l 2-1405,1989,J.J.Fitzgerald,,,,,,,,
9Al2O3 2B2O3,COD_1545125,,,,O,[4],,,Al18B4O33,,4,71,0.45,9,278.65,0.407,8.724,481.12,76.73268645,0.42,9.639,,,,10.1016/0926-2040(95)00021-H,1995,D. Massiot,,,,,,,,
9Al2O3 2B2O3,COD_1545125,,,,O,[5],,,Al18B4O33,,6,52,0.06,6.773,261.46,0.04,6.673,500.35,56.25039942,0.03,7.221,,,,10.1016/0926-2040(95)00021-H,1995,D. Massiot,,,,,,,,
9Al2O3 2B2O3,COD_1545125,,,,O,[5],,,Al18B4O33,,8,44,0.7,7.94,253.22,0.709,6.977,510.08,45.88676693,0.82,6.753,,,,10.1016/0926-2040(95)00021-H,1995,D. Massiot,,,,,,,,
9Al2O3 2B2O3,COD_1545125,,,,O,[6],,,Al18B4O33,,0,8.6,0.4,5.967,221.78,0.4,-5.716,542.46,11.39813178,0.31,-5.676,,,,10.1016/0926-2040(95)00021-H,1995,D. Massiot,,,,,,,,
Chiolite,https://materialsproject.org/materials/mp-4752/#,,,,"F,F,F,F,F,F",[6],,,Na5Al3F14,MAS,12,-3,,6.5,210.4088,0.1679,6.3092,552.98,0.075889909,0.17,6.603,,,,American Mineralogist(August 1992) 77 (7-8): 718-724,1992,P.J. Dirken,Tetragonal,P 4/mnc,,,,,,
Chiolite,https://materialsproject.org/materials/mp-4752/#,,,,"F,F,F,F,F,F",[6],,,Na5Al3F14,MAS,10,-1,,8.2,207.9634,0,-5.0885,555.56,-2.523006625,0,-5.347,,,,American Mineralogist(August 1992) 77 (7-8): 718-724,1992,Peter J. Dirken,Tetragonal,P 4/mnc,,,,,,
,,,,,,,,,,,,,,,,,,,,,,,,,,,,,,,,,,,
beta-aluminum fluoride,https://materialsproject.org/materials/mp-559871/#,,,,"F,F,F,F,F,F",[6],,,AlF3,MAS,0,-12.5,,3.4,195.9232,0.1859,-1.307,563.75,-11.2783056,0.69,-1.296,,,,American Mineralogist(August 1992) 77 (7-8): 718-724,1992,Peter J. Dirken,,,,,,,,
Cryolite,https://materialsproject.org/materials/mp-3416/,,,,"F,F,F,F,F,F",,,,Na3AlF6,,6,1.4,,2,214.0924,0.7742,-0.885,543.75,10.024125,0.89,-0.9234,,,,American Mineralogist(August 1992) 77 (7-8): 718-724,1992,Peter J. Dirken,,,,,,,,
Elpasolite,https://materialsproject.org/materials/mp-6586/,,,,"F,F,F,F,F,F",,,,K2NaAlF6,,3,0.8,,1.4,214.542364,N/A,0,544.45,9.278539931,N/A,0.00E+00,,,,American Mineralogist(August 1992) 77 (7-8): 718-724,1992,Peter J. Dirken,,,,,,,,
Epidote,https://materialsproject.org/materials/mp-743780/,,,,,[6],,,"Ca2(Al, Fe)3(SiO4)3",,6,,0.34,4.6,220.4589,0.4044,6.3717,477.82,80.2475875,0.19,7.328,,,,"Nuclear magnetic resonance of27AI in epidote, Ca 2Al2(Fe,Al)Si3O12(OH)",1973,T. Tsang,,,,,,,,
,,,,,,,,,,,,,,,,,,,,,,,,,,,,,,,,,,,
Microcline,https://materialsproject.org/materials/mp-697670/,,,,"O,O,O,O",[4],,,KAlSi3O8,,2,,0.21,3.22,263.9023,0.4404,-3.154,501.15,55.70718744,0.48,-3.26,,,,"American Mineralogist, Volume 58, pages 748-755,1973",1973,S. Ghose,Triclinic,P1(bar),,,,,,
Berlinite,https://materialsproject.org/materials/mp-3955/#,,,,"O,O,O,O",[4],,,AlPO4,,0,,0.37,4.09,244.292,0.4045,4.0846,520.83,34.47931534,0.39,4.179,,,,"American Mineralogist, Volume 58, pages 748-755,1973",1973,S. Ghose,Trigonal,"P3_121, P3_221",,,,,,
Gahnite,https://materialsproject.org/materials/mp-2908/,,,,,[6],,,ZnAl2O4,,0,,0,3.68,232.6478,0.0002,-3.9286,536.51,17.73560488,0,-4.183,,,,"American Mineralogist, Volume 58, pages 748-755,1973",1973,S. Ghose,Cubic,Fd3(bar)m,,,,,,
Spinel,https://materialsproject.org/materials/mp-3536/,,,,"O,O,O,O,O,O",[6],,,MgAl2O4,,2,,0,3.68,228.7289,0,-3.7043,540.11,13.90116737,0,-3.943,,,,10.1524/zkri.1962.117.16.63,1962,E. Brun,Cubic,Fd3(bar)m,,,,,,
Euclase,http://rruff.geo.arizona.edu/AMS/CIF_text_files/01094,,,,"O,O,O,O,O,O",[6],,,BeAlSiO4(OH),,4,,0.7,5.17,221.6307,0.1474,5.2695,549.23,4.187259016,0.86,5.123,,,,10.1139/p55-035,1955,R. G. Eades,Monoclinic,P2_1/a,,,,,,
,,,,,,,,,,,,,,,,,,,,,,,,,,,,,,,,,,,
Topaz,https://materialsproject.org/materials/mp-6280/#,,,,"O,O,O,O,O,O",[6],,,Al2SiO4F2,,0,,0.38,1.67,215.4227,0.837,-1.664,552.92,0.256960569,0.98,-1.666,,,,10.1063/1.1676856,1973,T. Tsang,Orthorhombic,Pbnm,,,,,,
Spodumene,https://materialsproject.org/materials/mp-6340/,,,,,[6],,,LiAl(SiO3)2,,2,,0.94,2.95,216.2357,0.7128,-2.3284,553.08,0.086541124,0.72,-2.524,,,,https://doi.org/10.1139/p53-074,1953,H.E. Petch,Monoclinic,C2/c,,,,,,
Beryl,https://materialsproject.org/materials/mp-6030/#,,,,"O,O,O,O,O,O",[6],,,Be3Al2(SiO3)6,,6,,0,3.09,212.7219,0,2.8776,555.54,-2.544309056,0,3.061,,,,https://doi.org/10.1063/1.1742603,1956,L.C. Brown,Hexagonal,P6/mcc,,,,,,
Epidote,https://materialsproject.org/materials/mp-743780/,,,,,[6],,,"Ca2Al2(Fe3, Al)(SiO4)(Si2O7)O(OH)",,4,,0.3,11.9,224.6787,0.327,-11.7761,896.49,-365.6868436,0.24,-10.62,,,,"Nuclear magnetic resonance of27AI in epidote, Ca 2Al2(Fe,Al)Si3O12(OH)",1973,T. Tsang,Orthorhombic,P2_1/m,,,,,,
,,,,,,,,,,,,,,,,,,,,,,,,,,,,,,,,,,,
,,,,,,,,,,,,,,,,,,,,,,,,,,,,,,,,,,,
Grossular,https://materialsproject.org/materials/mp-6008/,,,,,[6],,,Ca3Al2(SiO4)3,,12,,0,3.61,210.4179,0,2.7461,555.8,-2.810589438,0,2.828,,,,"American Mineralogist, Volume 58, pages 748-755,1973",1973,S. Ghose,,,,,,,,
Zoisite,https://materialsproject.org/materials/mp-23915/#,,,,"O,O,O,O,O,O",[6],,,Ca2Al3Si3HO13,,12,,0.46,8.05,223.2147,0.3419,-7.6515,545.36,8.309279339,0.31,-8.178,,,,https://doi.org/10.1063/1.1671911,1969,D. Brinkmann,Monoclinic,,,,,,,
Zoisite,https://materialsproject.org/materials/mp-23915/#,,,,"O,O,O,O,O,O",[6],,,Ca2Al3Si3HO13,,8,,0.16,18.5,222.2431,0.1506,-17.4148,546.57,7.020482287,0.15,-18.29,,,,https://doi.org/10.1063/1.1671911,1969,D. Brinkmann,Monoclinic,,,,,,,
Albite,https://materialsproject.org/materials/mp-721988/#,,,,,[4],,,NaAlSi3O8,,2,,0.62,3.29,268.3328,0.5018,-3.2863,492.07,65.06960569,0.63,-3.379,,,,"American Mineralogist, Volume 58, pages 748-755,1973",1973,S. Ghose,Triclinic,C1(bar),,,,,,
Cordierite,https://materialsproject.org/materials/mp-6174/#,,,,,,,,Mg2Al4Si5O18,,8,,0.38,10.6,274.2773,0.4265,9.6437,489.83,67.45547792,0.45,10.22,,,,https://doi.org/10.1063/1.1677700,1972,T. Tsang,Orthorhombic,Cccm,,,,,,
Cordierite,https://materialsproject.org/materials/mp-6174/#,,,,,,,,Mg2Al4Si5O18,,4,,0.34,5.6,256.7543,0.4155,-5.7216,508.08,48.01700999,0.42,-6.046,,,,https://doi.org/10.1063/1.1677700,1972,T. Tsang,Orthorhombic,Cccm,,,,,,
,,,,,,,,,,,,,,,,,,,,,,,,,,,,,,,,,,,
,,,,,,,,,,,,,,,,,,,,,,,,,,,,,,,,,,,
"Y, Al-garnet",https://materialsproject.org/materials/mp-3050/#,,,,"O,O,O,O,O,O",[6],,,Y3Al5O12,,24,,0,0.63,209.5128266,0,0.719,552.62,0.576497028,0,0.7643,,,,https://doi.org/10.1016/0031-9163(66)90353-2,1966,K.C. Brog,Cubic,Ia3(bar)d,,,,,,
"Y, Al-garnet",https://materialsproject.org/materials/mp-3050/#,,,,"O,O,O,O",[4],,,Y3Al5O12,,12,,0,6.02,280.154525,0,6.117,482.18,75.60365763,0,6.645,,,,https://doi.org/10.1016/0031-9163(66)90353-2,966,K.C. Brog,Cubic,Ia3(bar)d,,,,,,
Chrysoberyl,https://materialsproject.org/materials/mp-3081/,,,,"O,O,O,O,O,O",[6],,,BeAl2O4,,8,,0.94,2.85,223.796,0.9223,-2.5612,545.04,8.650118228,0.9,-2.733,,,,https://doi.org/10.1063/1.1744140,1958,J.H. Hockenberry,,,,,,,,
Chrysoberyl,https://materialsproject.org/materials/mp-3081/,,,,"O,O,O,O,O,O",[6],,,BeAl2O4,,4,,0.76,2.85,232.0714,0.9061,-3.3679,536.26,18.00188527,0.88,-3.702,,,,https://doi.org/10.1063/1.1744140,1958,J.H. Hockenberry,,,,,,,,
Kaolinite,https://materialsproject.org/materials/mp-541152/#,,,,"O,O,O,O,O,O",[6],,,Al4Si4O10(OH)8,,1,4,,,221.0138,0.69,-3.5156,546.43,7.169599301,0.83,-3.927,,,,"American Mineralogist, Volume 70, pages 537-548, 1985",1985,R.A. Kinsey,,,,,,,,
,,,,,,,,,,,,,,,,,,,,,,,,,,,,,,,,,,,
,,,,,,,,,,,,,,,,,,,,,,,,,,,,,,,,,,,
,,,,,,,,,,,,,,,,,,,,,,,,,,,,,,,,,,,
,,,,,,,,,,,,,,,,,,,,,,,,,,,,,,,,,,,
,,,,,,,,,,,,,,,,,,,,,,,,,,,,,,,,,,,
,,,,,,,,,,,,,,,,,,,,,,,,,,,,,,,,,,,
Pyrope,https://materialsproject.org/materials/mp-6073/,,,,"O,O,O,O,O,O",[6],,,Mg3Al2(SiO4)3,,12,2.9,0.5,1,215.7362,0,0.7078,553.39,-0.24364655,0,0.6992,,,,https://doi.org/10.2138/am.2007.2284,2007,K.E. Kelsey,,,,,,,,
Grossular,https://materialsproject.org/materials/mp-6008/,,,,"O,O,O,O,O,O",[6],,,Ca3Al2(SiO4)3,,12,-3.35,0.2,3.7,210.4179,0,2.7461,558.78,-5.984651599,0,2.808,,,,https://doi.org/10.2138/am.2007.2284,2007,K.E. Kelsey,,,,,,,,
(CaO)12(Al2O3)7,https://materialsproject.org/materials/mp-532016/,,,,"O,O,O,O",[4],,,Ca12Al14O33,,13,85,0.2,11,279.7645,0.1742,-10.3524,484.65,72.97280745,0.2,-11.26,,,,10.1016/S0277-5387(00)84437-X,1985,D. Müller,Trigonal/Triclinic,,2 separate tetrahedral sites,,,,,
(CaO)12(Al2O3)7,https://materialsproject.org/materials/mp-532016/,,,,"O,O,O,O",[4],,,Ca12Al14O33,,16,79,0.9,3.7,280.5229,0.368,-4.378,482.27,75.50779669,0.4,-4.444,,,,10.1016/S0277-5387(00)84437-X,1985,D. Müller,Trigonal/Triclinic,,,,,,,
,,,,,,,,,,,,,,,,,,,,,,,,,,,,,,,,,,,
,,,,,,,,,,,,,,,,,,,,,,,,,,,,,,,,,,,
,,,,,,,,,,,,,,,,,,,,,,,,,,,,,,,,,,,
,,,,,,,,,,,,,,,,,,,,,,,,,,,,,,,,,,,
Andalusite,https://materialsproject.org/materials/mp-4753/#,,,,"O,O,O,O,O",[5],,,Al2SiO5,MAS,4,,0.7,5.9,244.9404,0.6705,4.5394,523.46,31.63544085,0.64,4.822,,90acq,11.7T,https://doi.org/10.1063/1.1672904,1970,S.S. Hafner,Orthorhombic,Pnnm,dISO after 2nd order correction,,,,,
Andalusite,https://materialsproject.org/materials/mp-4753/#,,,,"O,O,O,O,O,O",[6],,,Al2SiO5,MAS,0,,0.08,15.6,223.3319,0.1704,14.9328,547.04,6.519875168,0.17,15.58,,90acq,11.7T,https://doi.org/10.1063/1.1672904,1970,S.S. Hafner,Orthorhombic,Pnnm,,,,,,
,,,,,,,,,,,,,,,,,,,,,,,,,,,,,,,,,,,
,,,,,,,,,,,,,,,,,,,,,,,,,,,,,,,,,,,
,,,,,,,,,,,,,,,,,,,,,,,,,,,,,,,,,,,
,,,,,,,,,,,,,,,,,,,,,,,,,,,,,,,,,,,
,,,,,,,,,,,,,,,,,,,,,,,,,,,,,,,,,,,
CaO (Al2O3)2,http://www.crystallography.net/cod/1527948.html,,,,,,,,CaO (Al2O3)2,,2,75.5,0.88,5.25,281.561,0.8655,5.7544,480.95,76.91375711,0.9,6.044,,,,10.1016/S0277-5387(00)84437-X,1986,D. Müller,Cubic,,NEEDS 2ND SITE VALUES,,,,,
CaO (Al2O3)2,http://www.crystallography.net/cod/1527948.html,,,,,,,,CaO (Al2O3)2,,6,69.5,0.82,9.55,277.09746,0.8232,-8.7225,486.46,71.04493748,0.83,-9.482,,,,10.1016/S0277-5387(00)84437-X,1986,D. Müller,Cubic,,NEEDS 2ND SITE VALUES,,,,,
(CaO)(Al2O3),https://materialsproject.org/materials/mp-2963/,,,,,,,,(CaO)(Al2O3),,12,81.9,0.85,2.7,287.3539,0.7667,2.2697,476.87,81.25945295,0.76,2.4,,,,10.1016/S0277-5387(00)84437-X,1986,D. Müller,,,,,,,,
,,,,,,,,,,,,,,,,,,,,,,,,,,,,,,,,,,,
,,,,,,,,,,,,,,,,,,,,,,,,,,,,,,,,,,,
,,,,,,,,,,,,,,,,,,,,,,,,,,,,,,,,,,,
,,,,,,,,,,,,,,,,,,,,,,,,,,,,,,,,,,,
(CaO)4(Al2O3)3,http://crystallography.net/cod/1527947.html,,,,"O,O,O,O",[4],,,Ca4Al6O13,,8,80.3,0.95,2.4,295.4105,0,4.4068,471.42,86.96850436,0,5.951,,,,10.1016/S0277-5387(00)84437-X,1986,Muller,Cubic,I-43m,"CIF looks shitty, doesn't create bonds immediately in MAtStud",,,,,
α-Al2O3,https://materialsproject.org/materials/mp-1143/,,,,,[6],,,Al2O3,,0,16,0,2.38,229.7111,0.0003,2.0715,536.66,17.57583665,0,2.283,,,,10.1021/jp810484j,2009,M. Choi,Trigonal,R3(bar)m,,,,,,
θ-Al2O3,icsd-82504,,,,,[4],,,Al2O3,,0,80,0.65,6.4,,,,472.78,85.61580001,0.49,6.398,,,,10.1021/jp810484j,2009,M. Choi,,,,,,,,
θ-Al2O3,icsd-82504,,,,,[6],,,Al2O3,,2,10.5,0,3.5,,,,541.74,12.16501928,0.08,3.518,,,,10.1021/jp810484j,2009,M. Choi,,,,,,,,
α-LiAlO2,https://materialsproject.org/materials/mp-8001/,,,,,[6],,,LiAlO2,,1,17,0.05,2.8,232.7759,7.80E-05,2.7716,532.73,21.76176427,0,3.007,,,,10.1016/S0277-5387(00)84356-9,1983,D Müller,Trigonal,R3(bar)m,,,,,,
,,,,,,,,,,,,,,,,,,,,,,,,,,,,,,,,,,,
γ-LiAlO2,https://materialsproject.org/materials/mp-3427/,,,,,[4],,,LiAlO2,,4,82,0.7,3.2,287.7232,0.7178,3.3316,471.25,87.24543595,0.7,3.742,,,,10.1016/S0277-5387(00)84356-9,1983,D Müller,Tetragonal,P4_12_12,,,,,,
Sillimanite,https://materialsproject.org/materials/mp-4934/,,,,,[4],,,Al2SiO5,,4,63.9,0.51,6.74,270.1734,0.5283,-6.0927,490.57,66.66728799,0.58,-6.346,,,,10.1006/jmra.1996.0202,1996,D. Massiot,Orthorhombic,Pnma,,,,,,
Sillimanite,https://materialsproject.org/materials/mp-4934/,,,,,[6],,,Al2SiO5,,0,4.7,0.49,8.83,218.1899,0.6169,-8.718,547.17,6.381409369,0.48,-8.559,,,,10.1006/jmra.1996.0202,1996,D. Massiot,Orthorhombic,Pnma,,,,,,
Andalusite,https://materialsproject.org/materials/mp-4753/#,,,,,[5],,,Al2SiO5,,4,35.5,0.69,5.8,244.9404,0.6705,4.5394,523.46,31.63544085,0.64,4.822,,,,10.1039/A806939E,1998,J. Rocha,Orthorhombic,Pnnm,,,,,,
Andalusite,https://materialsproject.org/materials/mp-4753/#,,,,,[6],,,Al2SiO5,,0,13,0.08,15.3,223.3319,0.1704,14.9328,547.04,6.519875168,0.17,15.58,,,,10.1039/A806939E,1998,J. Rocha,Orthorhombic,Pnnm,,,,,,
Kyanite,https://materialsproject.org/materials/mp-5065/,,,,,[6],,,Al2SiO5,,6,14.9,0.27,10.1,224.8889,0.3047,9.9785,540.84,13.12362866,0.33,10.3,,,,10.1016/0009-2614(94)00061-1,1994,M.E. Smith,Triclinic,P1(bar),,,,,,
Kyanite,https://materialsproject.org/materials/mp-5065/,,,,,[6],,,Al2SiO5,,0,4,0.85,3.6,217.4971,0.9687,3.7864,548.35,5.124565963,0.93,4.031,,,,10.1016/0009-2614(94)00061-1,1994,M.E. Smith,Triclinic,P1(bar),,,,,,
Kyanite,https://materialsproject.org/materials/mp-5065/,,,,,[6],,,Al2SiO5,,4,7.7,0.59,6.6,220.5236,0.4635,-7.0219,545.57,8.085603817,0.44,-6.775,,,,10.1016/0009-2614(94)00061-1,1994,M.E. Smith,Triclinic,P1(bar),,,,,,
Kyanite,https://materialsproject.org/materials/mp-5065/,,,,,[6],,,Al2SiO5,,2,11,0.38,9.2,224.1088,0.3187,-9.8609,541.65,12.26088022,0.33,-9.695,,,,10.1016/0009-2614(94)00061-1,1994,M.E. Smith,Triclinic,P1(bar),,,,,,
,,,,,,,,,,,,,,,,,,,589.1839571,,,,,,,,,,,,,,,,
YAlO3,https://materialsproject.org/materials/mp-3792/,,,,,[6],,,YAlO3 ,,4,10.7,,,220.0739,0.9263,1.6645,543.42,10.37561511,0.99,1.814,,,,10.1021/jp0008851,2000,P. Florian,Orthorhombic,Pnma,,,,,,
AlVO4,https://materialsproject.org/materials/mp-18827,,,,,[6],,,AlVO4,,2,-8.9,0.3,1.64,199.5925,0.6143,1.02277,569.97,-17.90336152,0.99,-1.015,,,,10.1021/ic025785j,2002,U.G. Nielsen,Triclinic,P1(bar),,,,,,
AlVO4,https://materialsproject.org/materials/mp-18827,,,,,[5],,,AlVO4,,4,27.2,0.42,6.73,232.4288,0.6964,6.3869,534.71,19.65282364,0.74,6.499,,,,10.1021/ic025785j,2002,U.G. Nielsen,Triclinic,P1(bar),,,,,,
AlVO4,https://materialsproject.org/materials/mp-18827,,,,,[6],,,AlVO4,,1,-1.1,0.58,5.88,205.3205,0.4567,-4.7028,562.26,-9.691274524,0.52,-5.596,,,,10.1021/ic025785j,2002,U.G. Nielsen,Triclinic,P1(bar),,,,,,
Gibbsite,https://materialsproject.org/materials/mp-27540/#,,,,,[6],,,Al(OH)3,,0,8,,,226.071,0.8545,2.1973,542.51,11.3448757,0.63,2.341,,,,"American Mineralogist, Volume 70, pages 537-548, 1985",1985,R.A. Kinsey,Monoclinic,P2_1/c,,,,,,
,,,,,,,,,,,,,,,,,,,,,,,,,,,,,,,,,,,
Moscovite,https://materialsproject.org/materials/mp-1200795/#,,,,,[6],,,KAl3Si3(HO6)2,,8,4,,,221.8225,0.9554,2.9853,546.39,7.212204162,0.86,3.122,,,,"American Mineralogist, Volume 70, pages 537-548, 1985",1985,R.A. Kinsey,Monoclinic,P2/c,,,,,,
Moscovite,https://materialsproject.org/materials/mp-1200795/#,,,,,[4],,,KAl3Si3(HO6)2,,4,72,,,279.732,0.5841,2.8671,485.01,72.5893637,0.59,3.022,,,,"American Mineralogist, Volume 70, pages 537-548, 1985",1985,R.A. Kinsey,Monoclinic,P2/c,,,,,,
,,,,,,,,,,,,,,,,,,,,,,,,,,,,,,,,,,,
,,,,,,,,,,,,,,,,,,,,,,,,,,,,,,,,,,,
Margarite,https://materialsproject.org/materials/mp-24469/,,,,"O,O,O,O",4,,,CaAl2(Al2Si2)O10(OH)2,MAS,2,74,,,282.9969,0.422,-5.565,478.08,79.9706559,0.46,-6.072,,,,"American Mineralogist, Volume 70, pages 537-548, 1985",1985,R.A. Kinsey,Monoclinic,Cc,,,,,Ca2Al2Si3O10(OH)2,
Margarite,https://materialsproject.org/materials/mp-24469/,,,,"O,O,O,O,O,O",6,,,CaAl2(Al2Si2)O10(OH)2,MAS,4,2,,,223.19,0.109,-7.17,540.39,13.60293334,0.13,-7.736,,,,"American Mineralogist, Volume 70, pages 537-548, 1985",1985,R.A. Kinsey,Monoclinic,Cc,,,,,LiAlO2,
Margarite,https://materialsproject.org/materials/mp-24469/,,,,"O,O,O,O,O,O",6,,,CaAl2(Al2Si2)O10(OH)2,MAS,7,-10,,,220.9751,0.138,6.559,542.93,10.89752466,0.14,6.595,,,,"American Mineralogist, Volume 70, pages 537-548, 1985",1985,R.A. Kinsey,Monoclinic,Cc,,,,,LiAlO2,
